neuroscienceintroduction,1
catch,1
circuitry,1
cobit,1
mws,1
mtuwfmaglaveras,1
cukier,1
wrld,1
sytstems,1
progression,1
zhishan,1
verif,1
understan,1
expressive,1
renehan,1
thingsm,1
bmed,1
setautocomplete,1
net,1
optimiz,1
krishnan,1
punishment,1
instr,1
moran,1
safesubscribe,1
dna,1
mwg,1
robbins,1
aware,1
hover,1
progam,1
mwfdowney,1
concurrency,1
mechanic,1
henry,1
haskell,1
edoardo,1
amour,1
preferably,1
chandraker,1
autonomy,1
copulsky,1
hop,1
tutorial,1
linguisticstuth,1
kovah,1
environ,1
worst,1
telecom,1
wrubenstein,1
spam,1
nurture,1
spoken,1
cmm,1
permisssion,1
multidimensional,1
skillsets,1
inventory,1
carlos,1
january,1
taught,1
tuthvijayaraghavan,1
constructiontuth,1
biosequence,1
eventssegal,1
gallifent,1
anselmo,1
sahoo,1
biddle,1
nakashole,1
modifiability,1
closest,1
eventssign,1
bitcoin,1
setonloadcallback,1
viral,1
massively,1
tbahonig,1
cocomo,1
visualiz,1
conserv,1
erickson,1
connectionist,1
apt,1
mwfhenschen,1
fonseca,1
chen,1
mwfhorswill,1
recommender,1
treangen,1
shawn,1
pest,1
cap,1
jean,1
dow,1
designtuth,1
pitt,1
layout,1
cupid,1
stor,1
da,1
pocket,1
comunication,1
ds,1
earn,1
profls,1
tuthc,1
tuths,1
automatic,1
num,1
fail,1
hammer,1
wearable,1
nonparametrics,1
fguo,1
srinivas,1
electric,1
newsattend,1
naturl,1
wy,1
uncertainty,1
shahriar,1
facet,1
enablesearchboxonly,1
con,1
assur,1
wisdom,1
newsread,1
summar,1
tuthrazeghi,1
ani,1
extract,1
ip,1
toolkit,1
io,1
rez,1
tuthfan,1
jerry,1
raid,1
rail,1
fouche,1
zwicker,1
topical,1
fchen,1
proccess,1
bassily,1
newton,1
exascale,1
mobility,1
mtuwfzhou,1
applic,1
usable,1
approahces,1
mhealth,1
tuthbirnbaum,1
govt,1
semi,1
mwfhartline,1
sparse,1
maxim,1
chaudhuri,1
cns,1
generer,1
algorithmsmwf,1
slavic,1
constructive,1
modularization,1
empowerment,1
magazine,1
auton,1
soa,1
entrepreneur,1
acad,1
tuwerwath,1
descrip,1
multiprocessor,1
ipse,1
mth,1
mtg,1
pricing,1
hollan,1
telecomm,1
abstract,1
corrado,1
accounting,1
communic,1
node,1
infosec,1
henninger,1
replacement,1
sigma,1
bottom,1
findlater,1
battle,1
inverse,1
coop,1
cyberphysical,1
todd,1
dig,1
guo,1
strickland,1
spectral,1
louiqa,1
meth,1
box,1
environs,1
visiontuth,1
dixon,1
exploitation,1
kemp,1
saif,1
mwberry,1
perm,1
iphone,1
vpn,1
friedl,1
currency,1
alone,1
parikh,1
algorithmsmw,1
attribute,1
chip,1
recover,1
incremental,1
chin,1
mwjoseph,1
cscistartup,1
cbmf,1
mwcampanoni,1
date,1
apprenticeship,1
johnson,1
theorymw,1
talk,1
krueger,1
grows,1
experimentationtuth,1
crypto,1
eventjoin,1
fabian,1
mwriesbeck,1
firewall,1
whorn,1
kane,1
ep,1
gymre,1
whim,1
boundless,1
imperative,1
groce,1
jdbc,1
router,1
biol,1
systemsw,1
tamara,1
sheep,1
nanocomput,1
guadalupe,1
hum,1
qual,1
mwtrajcevski,1
vishal,1
javabeans,1
toinformation,1
fails,1
fchoudhary,1
theorytuth,1
cortex,1
madison,1
lumelsky,1
shoe,1
anirudha,1
sloan,1
tuthmohseni,1
fluid,1
wood,1
originally,1
analys,1
assistant,1
mohseni,1
reveal,1
pimentel,1
froelich,1
wfkuzmanovic,1
tuthgu,1
sean,1
mtuwfguo,1
rmi,1
minnes,1
innov,1
definite,1
article,1
solidworks,1
haohan,1
amer,1
connectomics,1
dependable,1
recruiting,1
photon,1
immunogenomics,1
ruby,1
mwfmohseni,1
reflectance,1
planar,1
servlets,1
nail,1
ugrad,1
mihalkova,1
berry,1
dasgupta,1
analysisfreeman,1
presentationsclass,1
corequisite,1
programsee,1
reconfig,1
na,1
monet,1
segal,1
rose,1
modelingfor,1
bryan,1
mot,1
dependability,1
fulfills,1
mwfindler,1
shing,1
mwfsahakian,1
lnformation,1
broker,1
classifier,1
op,1
subsystem,1
tuthcampanoni,1
implementable,1
spline,1
biomedicine,1
stealth,1
jus,1
pdes,1
bme,1
interactionmw,1
sequenc,1
seminarmw,1
tahmoush,1
cpg,1
derrick,1
monte,1
quadrature,1
gorgraphic,1
ta,1
util,1
mechan,1
mile,1
wwilensky,1
mwftrajcevski,1
mastery,1
perf,1
desgn,1
tuthrogers,1
pauley,1
mmm,1
pict,1
lilyana,1
chain,1
inspires,1
vir,1
recs,1
discriminative,1
microeconomics,1
governance,1
ethically,1
line,1
flag,1
cntrl,1
anaylsis,1
sangeeta,1
mwpardo,1
beautiful,1
drawoptions,1
string,1
jhala,1
micinski,1
leiserson,1
iso,1
raschid,1
assocs,1
adventure,1
languagesby,1
sashank,1
mcossairt,1
fft,1
projs,1
matthew,1
peng,1
pci,1
freund,1
curtis,1
yr,1
bmme,1
horswill,1
pbitem,1
beyond,1
ho,1
fekete,1
itil,1
fiber,1
driver,1
collab,1
hammond,1
suppport,1
anonymity,1
swarm,1
ahalt,1
kulikov,1
tuthbustamante,1
feamster,1
vasile,1
mwfhorn,1
mwfsood,1
jordan,1
word,1
colin,1
bechtel,1
str,1
alongside,1
chellappa,1
architechture,1
slivkins,1
sorenson,1
ode,1
enee,1
virus,1
prerequiste,1
sandro,1
mulford,1
libship,1
unsupervised,1
implmen,1
mechatronics,1
deblur,1
gumerov,1
savannah,1
seminarwf,1
apprentice,1
hip,1
shalev,1
jianwu,1
narain,1
thvijayaraghavan,1
seq,1
intelli,1
seo,1
woessner,1
fontana,1
incident,1
quadrotor,1
tempor,1
bandit,1
mwftumblin,1
pr,1
acceptance,1
retr,1
pl,1
motu,1
seen,1
ruppin,1
tqm,1
mtuwfjoseph,1
chbe,1
wkatsaggelos,1
mtuwfplonus,1
amy,1
kuzmanovic,1
bicknell,1
prize,1
defloriani,1
notional,1
input,1
desc,1
tuthrubenstein,1
findler,1
bia,1
competitively,1
resolv,1
cogn,1
tuthwei,1
malware,1
integ,1
newsletter,1
prop,1
prog,1
prod,1
prob,1
bk,1
repeatable,1
jsp,1
hedman,1
presrv,1
intl,1
integral,1
mwffreeman,1
intr,1
foulds,1
mwbustamante,1
russian,1
verma,1
maturity,1
convex,1
tuthsood,1
eventsdesign,1
networkscmsc,1
tweens,1
strcut,1
double,1
mbirnbaum,1
garrett,1
psyche,1
theorist,1
contract,1
cornelia,1
automotive,1
tuthshahriar,1
glezer,1
setresultsets,1
car,1
inspection,1
carter,1
carlo,1
click,1
kris,1
oard,1
quformerly,1
benchmarking,1
micah,1
taghi,1
category,1
mwscheuermann,1
trajcevski,1
icular,1
opticsmw,1
tuthhonig,1
folloiwng,1
utexas,1
retriev,1
testability,1
pad,1
expandable,1
varies,1
animal,1
administrator,1
financ,1
recognizes,1
sliva,1
transf,1
fermuller,1
induction,1
shacam,1
trustnews,1
eurasian,1
xin,1
materiality,1
mart,1
yerukhimovich,1
emailsprivacy,1
relativity,1
decal,1
serra,1
ctor,1
metagenomics,1
cogsci,1
competitor,1
semiconductorstuth,1
gaburici,1
programmer,1
guilherme,1
geog,1
manipul,1
xeno,1
affective,1
davis,1
organiz,1
matthias,1
reconstruction,1
princ,1
tolerant,1
ka,1
comparch,1
fuzzy,1
tuhammond,1
maheshwari,1
ballroomhertz,1
gui,1
tessa,1
arkady,1
singh,1
mwho,1
disease,1
advnc,1
dba,1
mwst,1
nuvention,1
chicagosee,1
reees,1
simulated,1
gray,1
enhances,1
j,1
wire,1
lux,1
ensures,1
wavelet,1
cmrobobits,1
parthasarathy,1
implemnt,1
personalize,1
rama,1
riesbeck,1
cx,1
nosql,1
yan,1
electr,1
anomaly,1
september,1
align,1
technologyw,1
fault,1
watson,1
generic,1
pseudorandomness,1
studentsthe,1
castillo,1
variance,1
fiat,1
polymorphism,1
mech,1
contest,1
seminartuth,1
mal,1
lattice,1
stevie,1
kristopher,1
lincoln,1
sparsity,1
fpga,1
storytell,1
econometrics,1
leah,1
mutation,1
multicore,1
enum,1
mtuwfmohseni,1
eytan,1
justin,1
column,1
wefr,1
dubois,1
pc,1
progrm,1
thupukari,1
fpgastuth,1
remote,1
bug,1
rahul,1
compute,1
zaretsky,1
int,1
ilyas,1
persistent,1
infromation,1
mtuwfch,1
tullsen,1
montek,1
zhou,1
stay,1
accomplish,1
toefl,1
learningw,1
dbchat,1
astronomy,1
extraction,1
ishaan,1
copy,2
whose,2
aug,2
illustr,2
mwshahriar,2
digit,2
monrose,2
connects,2
jack,2
suggests,2
fireplace,2
electronics,2
vast,2
tbaberry,2
ref,2
clientele,2
venue,2
heading,2
deutsch,2
miller,2
batch,2
feasibility,2
entr,2
barometer,2
guido,2
met,2
contraction,2
forum,2
clarify,2
auction,2
gle,2
secur,2
controversy,2
mentor,2
browsing,2
criticism,2
psychological,2
unix,2
roethke,2
univ,2
landscape,2
golubchik,2
browse,2
hospital,2
strike,2
griswold,2
inflect,2
stochastic,2
cotelco,2
kumar,2
characterize,2
hyperlib,2
matilda,2
saturday,2
vers,2
ia,2
want,2
maurice,2
keep,2
eng,2
classifi,2
playback,2
confin,2
significance,2
verifi,2
lan,2
interlibrary,2
demonstr,2
reshap,2
purchase,2
communicationtbatbatbalin,2
shrek,2
credenti,2
incorpor,2
enter,2
jpeg,2
relaxng,2
satisfies,2
statementinformation,2
americana,2
ncbi,2
multidisciplinary,2
ims,2
differently,2
interpretive,2
mxf,2
interrelationship,2
artifical,2
reasonable,2
cartography,2
sears,2
trading,2
distrib,2
sorelle,2
crucial,2
printmak,2
newly,2
associate,2
uiuc,2
bates,2
filter,2
renew,2
declarative,2
hjorland,2
apprais,2
restrict,2
another,2
agre,2
historiography,2
survivability,2
lego,2
collapse,2
incur,2
requisite,2
bridge,2
entail,2
close,2
manner,2
dozen,2
foundational,2
dbms,2
snow,2
thorough,2
fitting,2
derek,2
educator,2
longstand,2
anatomy,2
specifi,2
entry,2
mitigate,2
characterizes,2
doc,2
accreditation,2
hagiography,2
came,2
shelv,2
gate,2
probs,2
pinocchio,2
png,2
inventor,2
champaign,2
interrogates,2
professionalization,2
despite,2
toolbox,2
unmet,2
tuthg,2
tuthy,2
mcauley,2
barngrover,2
voyage,2
said,2
wikipedia,2
catalogue,2
tuthaydin,2
ontonoly,2
reproduction,2
debt,2
fnd,2
prospect,2
exemplary,2
communicationtbagrad,2
linguistically,2
guid,2
broadening,2
basis,2
disposal,2
mythological,2
orthodoxy,2
twain,2
much,2
privilege,2
substance,2
tuthzhou,2
immersive,2
dickerson,2
professionally,2
applies,2
k,2
seven,2
metropolitan,2
played,2
dictate,2
player,2
eighteen,2
interactv,2
tuthmikhelson,2
hone,2
smartphones,2
clearly,2
grapple,2
potentially,2
theodore,2
pick,2
kit,2
artsjoint,2
military,2
mestre,2
redefin,2
ephemeral,2
laptop,2
tumarasco,2
integer,2
caregiver,2
candidate,2
instance,2
advancement,2
scientometrics,2
algorithmics,2
linda,2
alice,2
officer,2
envision,2
deal,2
bookseller,2
intellect,2
stefan,2
restructuring,2
protagonist,2
promot,2
lazebnik,2
lackey,2
o,2
grown,2
done,2
dilemma,2
attorney,2
analytically,2
wai,2
fervent,2
gif,2
editor,2
pragmatically,2
war,2
systemstuth,2
catalyst,2
jennifer,2
never,2
webcomics,2
bellwether,2
ballad,2
phil,2
wan,2
textbook,2
assembl,2
radically,2
authoritative,2
mashup,2
stake,2
geographically,2
dacs,2
norm,2
convincing,2
diet,2
deaccess,2
ramification,2
jojic,2
bit,2
buckland,2
depend,2
liturgy,2
protege,2
oversight,2
federation,2
pontifical,2
confessionalize,2
jumani,2
unfamiliar,2
necessit,2
overarch,2
humanistic,2
jhu,2
perceptual,2
genealogist,2
prevent,2
brave,2
substitute,2
appear,2
comparable,2
rome,2
sequential,2
elucidate,2
appeal,2
multipole,2
entertain,2
waiv,2
canadian,2
commonly,2
golbeck,2
emerge,2
prefer,2
marked,2
tapa,2
sharper,2
prove,2
sake,2
positive,2
bansal,2
jarell,2
julius,2
femtechnet,2
iconography,2
predict,2
amidst,2
death,2
critic,2
refine,2
council,2
sunday,2
dive,2
expectation,2
testudo,2
biographical,2
pevzner,2
tapped,2
typical,2
gradual,2
lyric,2
differs,2
equip,2
reinforc,2
lovett,2
monitor,2
frohmann,2
factual,2
ideal,2
correspondence,2
equality,2
groundwork,2
realism,2
compil,2
replac,2
girl,2
minority,2
hacker,2
container,2
micciancio,2
ajax,2
unwanted,2
juba,2
besides,2
byte,2
remainder,2
seventy,2
promotion,2
henschen,2
childhood,2
frequent,2
cheese,2
revenue,2
carri,2
legislation,2
utopianism,2
tomorrow,2
mkv,2
provenance,2
lifecycles,2
deciph,2
tuthdowney,2
mermaid,2
suit,2
accurately,2
eighteenth,2
hillary,2
wav,2
translate,2
edition,2
constructionist,2
proactive,2
browser,2
illness,2
generality,2
polemic,2
argument,2
folktale,2
kevin,2
engin,2
equipment,2
mwchen,2
hoover,2
trace,2
roster,2
successive,2
pedigree,2
rsquo,2
steady,2
sale,2
julian,2
arguably,2
translat,2
synchronous,2
methodologically,2
nlm,2
specifically,2
analytic,2
taxonomy,2
invisible,2
counsel,2
ifla,2
outlet,2
secondary,2
closure,2
predictive,2
borrow,2
ken,2
tuthhardavellas,2
orailoglu,2
responsive,2
fidelity,2
subsequent,2
lgbtiq,2
affordable,2
vertical,2
legitimacy,2
citation,2
concentrate,2
paturi,2
gws,2
remake,2
expression,2
stance,2
kripke,2
recreational,2
cancer,2
characterization,2
slais,2
exploit,2
anti,2
exclud,2
glbtq,2
coupl,2
mwyuen,2
dtds,2
kesden,2
wake,2
former,2
kazaa,2
compile,2
prescriptive,2
constituency,2
zenith,2
uncov,2
cyberinfrastructure,2
protein,2
everyday,2
pas,2
guadalajara,2
vandalism,2
weakness,2
persona,2
enjoyment,2
companion,2
statutory,2
solicitation,2
gordon,2
eventual,2
largely,2
substantive,2
sustainment,2
mdvl,2
termination,2
execut,2
mircosoft,2
friedler,2
instrument,2
treatment,2
scrapbook,2
discontent,2
mov,2
accepted,2
clay,2
output,2
inter,2
verbal,2
curator,2
racial,2
daytime,2
developmental,2
mooc,2
grice,2
considers,2
refer,2
equips,2
tuition,2
inherent,2
throw,2
acc,2
comparison,2
capable,2
act,2
backup,2
quentin,2
levchenko,2
harness,2
lively,2
theoretically,2
fast,2
legacy,2
racism,2
ethnography,2
ago,2
apis,2
unsettled,2
satur,2
affordances,2
metasearch,2
circulation,2
west,2
tuthde,2
dvd,2
ae,2
oht,2
fill,2
vernacular,2
prereq,2
chris,2
uzi,2
cpf,2
coreq,2
mitsumasa,2
chinese,2
gupta,2
alg,2
lack,2
gu,2
remarkable,2
fellowship,2
tr,2
diffuse,2
platonism,2
arisen,2
heterogeneity,2
consum,2
infringement,2
eresearch,2
smg,2
tuthyuen,2
industrialization,2
harry,2
mtuwfc,2
pass,2
argawala,2
ecclesiastical,2
deeply,2
learner,2
brief,2
ethnically,2
codicology,2
tuthmaglaveras,2
contrast,2
compilation,2
valu,2
arena,2
inheritance,2
allows,2
vishkin,2
motif,2
readily,2
eye,2
internation,2
leitich,2
automate,2
hundr,2
deinstitutionalization,2
known,2
makerspaces,2
nine,2
male,2
funders,2
sleuth,2
compare,2
scan,2
cultivate,2
mn,2
court,2
amendment,2
lam,2
vianu,2
recording,2
signature,2
mapping,2
sophistication,2
pleasure,2
attitude,2
makeup,2
schiciano,2
isaar,2
actually,2
absence,2
bypass,2
pcc,2
argentina,2
colleague,2
neophyte,2
easily,2
always,2
decimal,2
refresh,2
compris,2
knight,2
telegraph,2
heavy,2
p,2
ftp,2
perry,2
attendance,2
since,2
viability,2
mwfc,2
occurs,2
pub,2
centerfold,2
extraordinary,2
imagine,2
randall,2
generate,2
foraddress,2
svetlana,2
utilizes,2
encoding,2
feel,2
thereafter,2
vellum,2
antiquity,2
inhibits,2
colombia,2
amsc,2
gpu,2
hennacy,2
weibel,2
helpful,2
obsolete,2
filmic,2
rhineland,2
fold,2
fuchs,2
stm,2
tuthdinda,2
outstanding,2
techonologies,2
built,2
shelby,2
ancillary,2
intell,2
experienced,2
underpinnings,2
reach,2
prestige,2
achievement,2
mach,2
tivo,2
reinforcement,2
uncomplicated,2
usual,2
phenomenon,2
bespeaks,2
dissertator,2
tenet,2
ugs,2
cell,2
delinquent,2
indian,2
yoav,2
dystopianism,2
aiff,2
dominant,2
continuum,2
synthes,2
x,2
employer,2
crm,2
crosswalk,2
numerous,2
catalogu,2
recently,2
sparsely,2
xslt,2
succeed,2
collaboratory,2
license,2
informatic,2
supply,2
decline,2
described,2
secret,2
describes,2
applyfund,2
walter,2
ada,2
mine,2
fund,2
heighten,2
practicality,2
ought,2
costly,2
goguen,2
decoration,2
obstacle,2
leana,2
moffitt,2
twofold,2
minim,2
modification,2
ray,2
cement,2
syr,2
thread,2
assortment,2
concise,2
tuthpappas,2
maker,2
propos,2
taflove,2
shape,2
administ,2
alignment,2
confidentiality,2
postal,2
tablet,2
governmental,2
webometrics,2
march,2
emergency,2
cottrell,2
collaboratively,2
damage,2
systematically,2
eer,2
flux,2
bellare,2
crowd,2
wonderland,2
departmental,2
savage,2
openurl,2
riek,2
proficient,2
novelty,2
anno,2
religion,2
kao,2
agreement,2
pipeline,2
consumption,2
presswork,2
disclosure,2
proto,2
dobolyi,2
interactivity,2
span,2
segev,2
mythic,2
accountability,2
subfields,2
elsewhere,2
fitzpatrick,2
visio,2
immigration,2
cloth,2
archaic,2
properly,2
interlock,2
atom,2
encourages,2
dretske,2
deployed,2
ut,2
uk,2
sum,2
diasporic,2
orderprovide,2
constant,2
mindful,2
metal,2
globally,2
booktalks,2
formalism,2
defines,2
anthology,2
codex,2
titl,2
cohesive,2
lcsmith,2
irreplaceable,2
arithmetic,2
princely,2
lend,2
score,2
feder,2
land,2
svg,2
classicism,2
scratch,2
soames,2
concerned,2
becam,2
visitor,2
atlas,2
dramatically,2
outside,2
cellular,2
entire,2
stifl,2
enforce,2
sorcerer,2
ibc,2
fusion,2
noise,2
opacs,2
haiku,2
pornography,2
vmware,2
putnam,2
rate,2
capital,2
respectively,2
fifteenth,2
acquaint,2
microarchitecture,2
definitively,2
defeat,2
stabilization,2
api,2
remains,2
usm,2
bi,2
vehicle,2
informetric,2
medievalists,2
formally,2
iip,2
becomes,2
inclined,2
isad,2
sharply,2
harvest,2
perceiv,2
hopkins,2
obvious,2
admires,2
tax,2
sought,2
publicity,2
counterfeit,2
varied,2
oz,2
degreesinformation,2
exemplifi,2
allot,2
accredit,2
iconographic,2
neglect,2
grayson,2
warren,2
chemical,2
blake,2
decay,2
brook,2
popularly,2
multiculturalism,2
bibliog,2
front,2
cidoc,2
identifies,2
deteriorate,2
francisco,2
potter,2
programmed,2
constitute,2
insc,2
sexual,2
req,2
situational,2
impart,2
ece,2
reacts,2
wizard,2
touchpoints,2
releas,2
amiri,2
organic,2
midi,2
transferable,2
backwater,2
cinderella,2
legislative,2
assure,2
galley,2
papakonstantinou,2
pervasive,2
vigorous,2
gear,2
update,2
exactly,2
innovate,2
environmental,2
accompani,2
chisholm,2
elite,2
outline,2
photograph,2
rarity,2
hispanic,2
napster,2
malpractice,2
videorecordings,2
kastner,2
portrait,2
tuthhartline,2
bark,2
minimally,2
aladdin,2
exegesis,2
mit,2
matls,2
moveable,2
gather,2
frederick,2
classwork,2
fact,2
impagliazzo,2
bring,2
envisag,2
fear,2
hadi,2
dispers,2
unable,2
tape,2
indeed,2
employee,2
hope,2
bear,2
commonality,2
tuthzaretsky,2
fieldwork,2
brain,2
differential,2
kimmel,2
graf,2
translator,2
metalanguage,2
frame,2
terrain,2
impos,2
imposition,2
tend,2
boundary,2
flickr,2
rigor,2
aggregation,2
w,2
wilbur,2
equal,2
tuthargall,2
unfold,2
invasive,2
kinga,2
cscl,2
mailto,2
poem,2
trajectory,2
challenged,2
yas,2
literal,2
teamwork,2
poet,2
partial,2
sufficient,2
essentially,2
laser,2
determinism,2
decreas,2
permeate,2
demo,2
formulation,2
barwise,2
avi,2
productivity,2
cartographic,2
rhetorical,2
bioalgorithms,2
largest,2
party,2
android,2
algorithims,2
snoeyink,2
procurement,2
position,2
converg,2
widen,2
parchment,2
thanksgiv,2
wes,2
warrant,2
realia,2
famously,2
whatever,2
redesign,2
nanophotonics,2
voelker,2
soft,2
exceed,2
classical,2
happens,2
ofinstitutional,2
jeremy,2
esp,2
overlap,2
economical,2
monetary,2
expansion,2
worthy,2
assistantship,2
interlinked,2
hot,2
documentary,2
powerpoint,2
cultivates,2
own,2
chronic,2
esteem,2
female,2
virtualbox,2
imperial,2
var,2
dewey,2
fiscal,2
buy,2
highest,2
illustrative,2
wish,2
official,2
monument,2
piece,2
informational,2
ring,2
circul,2
ink,2
donnellan,2
inf,2
oaa,2
percent,2
oai,2
shannon,2
branch,2
er,2
album,2
variation,2
chance,2
photonics,2
frontier,2
stewart,2
govern,3
supplier,3
ramamoorthi,3
geography,3
killam,3
seattle,3
feedback,3
racially,3
penetration,3
urbana,3
smart,3
bldg,3
fantasy,3
sourc,3
toy,3
usie,3
bibliometrics,3
intersect,3
reengin,3
saul,3
detection,3
nontraditional,3
sail,3
anthropology,3
plasmonics,3
workforce,3
normalization,3
yeh,3
retreat,3
tier,3
architectural,3
soc,3
preliminary,3
reiter,3
facilitator,3
nx,3
competition,3
navigation,3
electromagnetics,3
instal,3
leary,3
pubp,3
korpeoglu,3
prepar,3
chic,3
optimal,3
practic,3
still,3
gem,3
mail,3
barrow,3
jeffay,3
continu,3
ncwit,3
instrumentation,3
motion,3
clinical,3
white,3
seuss,3
typography,3
gathering,3
offering,3
dispute,3
lerner,3
szajda,3
black,3
tba,3
dianne,3
physically,3
reserv,3
reaction,3
fit,3
mark,3
observe,3
pertains,3
budgeting,3
combination,3
valuable,3
speed,3
genome,3
warehouse,3
shelf,3
mini,3
daily,3
invention,3
investment,3
excit,3
richard,3
action,3
put,3
minor,3
leonard,3
challeng,3
ibrahim,3
underserved,3
milestone,3
instruct,3
hard,3
automation,3
utilization,3
arrang,3
internal,3
executive,3
mtuwftaflove,3
duty,3
pvt,3
reverse,3
extends,3
ready,3
optic,3
bio,3
logical,3
multilingual,3
certification,3
reed,3
chictech,3
impl,3
camp,3
lang,3
prereqs,3
wa,3
joel,3
dwinelle,3
causal,3
sturton,3
om,3
brochure,3
scalable,3
sendak,3
mwfbutz,3
day,3
jessica,3
desi,3
length,3
latina,3
iberian,3
determin,3
meant,3
saltz,3
bioinf,3
lastra,3
innovator,3
optional,3
defense,3
marsh,3
mike,3
listing,3
ochoa,3
coursses,3
tuthforbus,3
increasingly,3
wei,3
adm,3
fys,3
referential,3
mcmillan,3
psy,3
gene,3
convergence,3
cake,3
kuijt,3
additionally,3
searle,4
sutardja,4
controversial,4
poorly,4
educ,4
matlab,4
collaborate,4
cmn,4
path,4
rigorous,4
colonialism,4
nirjon,4
ever,4
balance,4
spinoza,4
moral,4
would,4
mexico,4
tell,4
phone,4
hold,4
join,4
tuthtov,4
wang,4
woman,4
earlier,4
diagram,4
attempt,4
capitalism,4
operate,4
biomedical,4
presence,4
guidance,4
monographic,4
break,4
doug,4
xp,4
goe,4
toolbars,4
encourage,4
forth,4
independence,4
intersex,4
struggle,4
universally,4
snoeren,4
libnship,4
artistry,4
aikat,4
historian,4
approximately,4
draft,4
western,4
distance,4
older,4
told,4
uris,4
navigate,4
responsible,4
memik,4
regular,4
episode,4
reserve,4
despis,4
rich,4
photo,4
oct,4
db,4
policymakers,4
emergent,4
tyndale,4
desegregation,4
capacity,4
preserve,4
men,4
programsit,4
papyrus,4
cog,4
gilkeson,4
expense,4
applicability,4
wider,4
sam,4
intrusion,4
deeper,4
demonstration,4
split,4
catholic,4
cycle,4
left,4
reformation,4
hal,4
mainly,4
designate,4
measur,4
successfully,4
born,4
seventeenth,4
uml,4
ict,4
payment,4
manufacturing,4
census,4
grid,4
commit,4
facility,4
surround,4
fabric,4
combinatorics,4
berg,4
physicality,4
classif,4
upheaval,4
holding,4
tie,4
excellence,4
mdia,4
reception,4
fourney,4
retention,4
finally,4
broadly,4
liability,4
empow,4
evans,4
basili,4
educate,4
enrich,4
satisfy,4
mahini,4
root,4
automaton,4
raise,4
intense,4
acceptable,4
instructional,4
trans,4
kye,4
eight,4
mac,4
antiquarian,4
classroom,4
divid,4
african,4
manga,4
coll,4
noh,4
nation,4
provision,4
ec,4
ex,4
nonprofit,4
investigation,4
viable,4
carr,4
card,4
principl,4
symbolic,4
engineer,4
meaningful,4
russia,4
deliv,4
orality,4
freshman,4
average,4
typeset,4
typically,4
fifty,4
ling,4
TRUE,4
aris,4
actively,4
mikhelson,4
salzberg,4
declaration,4
single,4
margin,4
pertain,4
engages,4
pay,4
surveillance,4
poetic,4
crutcher,4
institutedoctoral,4
concentr,4
feminism,4
dita,4
libs,4
grammar,4
collective,4
pacific,4
assembly,4
standpoint,4
stone,4
mixed,4
wikis,4
mental,4
valley,4
buying,4
stanford,4
ac,4
taylor,4
av,4
productively,4
valid,4
overseas,4
ala,4
condition,4
tei,4
enhancement,4
canonical,4
segmentation,4
iran,4
legend,4
amount,4
marginal,4
href,4
literary,4
subculture,4
australiacio,4
immersion,4
telephony,4
outlin,4
respective,4
reflect,4
documentation,4
assign,4
hypertext,4
rapidly,4
adoption,4
designation,4
daume,4
achiev,4
button,4
item,4
belief,4
circumstance,4
revolutionary,4
utilized,4
appreciation,4
hedlund,4
king,4
schedul,4
dtc,4
analog,4
premise,4
influential,4
demographic,4
loan,4
complication,4
programpart,4
maintenance,4
representative,4
shift,4
engr,4
ethnicity,4
sociologist,4
widely,4
optim,4
concrete,4
bearer,4
lester,4
alternate,4
advocate,4
emergence,4
encount,4
sketch,4
understood,4
per,4
proc,4
modernity,4
rbml,4
inta,4
hamid,4
asynchronously,4
electrical,4
lens,4
suppression,4
essay,4
eurasia,4
cynthia,4
broader,4
aria,4
try,4
queer,4
recruitment,4
victor,4
experiment,4
cataloger,4
led,4
lee,4
exchange,4
opinion,4
actual,4
extension,4
mdash,4
entrep,4
greater,4
facilit,4
mashups,4
humanism,4
strip,4
relates,4
influenc,4
activist,4
cause,4
customsearchcontrol,4
could,4
fordist,4
constituent,4
warfare,4
referral,4
anthropologist,4
hendler,4
mix,4
encyclopedia,4
worldwide,4
deploy,4
amongst,4
transcript,4
rubric,4
locat,4
jay,4
hacktivism,4
discontinu,4
insight,4
joint,4
h,4
usefulness,4
genealogical,4
wi,4
co,4
edi,4
respect,4
taste,4
treat,4
bafna,4
contribute,4
frege,4
privileged,4
docbook,4
proficiency,4
frequently,4
choos,4
heavily,4
accurate,4
manifestation,4
add,4
match,4
execute,4
deployment,4
prominent,4
cognition,4
cognate,4
sequence,4
recommendation,4
home,4
locate,4
investig,4
slight,4
revise,4
promise,4
leverag,4
capitalize,4
sgml,4
limit,4
marketplace,4
june,4
outsourc,4
portion,4
compete,4
ideological,4
adviser,5
akw,5
experimentation,5
mazurek,5
recovery,5
cyberspace,5
mgmt,5
l,5
re,5
theme,5
cooperation,5
extend,5
cut,5
censorship,5
enumerative,5
european,5
everything,5
repository,5
khan,5
analyst,5
inclusive,5
journey,5
variable,5
russell,5
mse,5
sustainability,5
texas,5
increase,5
org,5
ian,5
artist,5
analy,5
parent,5
hist,5
cannot,5
orientation,5
metric,5
return,5
except,5
twelve,5
meaning,5
longer,5
direction,5
colls,5
sustain,5
steve,5
glbtiq,5
dissertation,5
formul,5
kahng,5
zia,5
dai,5
none,5
culturally,5
mmi,5
store,5
filippou,5
download,5
liviu,5
hdcc,5
iftode,5
whole,5
imag,5
comprehensive,5
chemistry,5
self,5
inactive,5
subfield,5
abroad,5
syllabus,5
consist,5
prepares,5
gi,5
letterpress,5
iii,5
suite,5
account,5
pedagogy,5
wareh,5
wu,5
demonstrates,5
highlight,5
contextual,5
please,5
aspiration,5
border,5
overall,5
enabl,5
competent,5
geographical,5
latest,5
hcim,5
intersection,5
mhi,5
proper,5
dcr,5
mspa,5
previously,5
validation,5
spec,6
regional,6
widget,6
underrepresented,6
mo,6
advocacy,6
appraisal,6
honr,6
already,6
philosophical,6
listen,6
horn,6
fashion,6
ming,6
traditionally,6
person,6
though,6
nineteenth,6
jasleen,6
submit,6
integrate,6
continuity,6
refers,6
protect,6
speak,6
worker,6
participatory,6
near,6
nonfiction,6
postow,6
bunny,6
renaissance,6
ownership,6
lesbian,6
webdocs,6
east,6
manocha,6
umcp,6
old,6
sociotechnical,6
theological,6
illustration,6
cory,6
teen,6
corrada,6
trip,6
leep,6
transgender,6
ron,6
manager,6
thesisexperiential,6
emphasizes,6
little,6
bravo,6
discover,6
french,6
boy,6
projectsinternshipsglobal,6
licensing,6
crisis,6
live,6
cit,6
effort,6
occur,6
globalization,6
answer,6
advent,6
digitization,6
british,6
xl,6
methodological,6
anyone,6
photographic,6
manufacture,6
allen,6
surgery,6
veteran,6
alterovitz,6
aside,6
show,6
biometrics,6
fifth,6
get,6
tailor,6
characteristic,6
calendar,6
geometric,6
installation,6
late,6
classic,6
wrangl,6
transportation,6
embrace,6
programsexchange,6
dimension,6
excel,6
touch,6
scolnik,6
weekly,6
blog,6
dinesh,6
package,6
regard,6
datasets,6
illustrator,6
grasp,6
hector,6
gross,6
resolution,6
represent,6
waive,6
publish,6
cooperative,6
programsadmissions,6
pract,6
applicable,6
programsadmission,6
tjaden,6
earliest,6
fr,6
threat,6
trackbusiness,6
rang,6
found,6
undertake,6
robert,6
prins,6
qualifi,6
circuit,6
gpa,6
kind,6
remov,6
dtd,6
niethammer,6
sell,6
lib,6
clear,6
sometimes,6
artistic,6
microsoft,6
fine,6
mowefr,6
theft,6
progressive,6
creator,6
lgbtqa,6
hyperlink,6
projectsinternships,6
analyticsexperiential,6
church,6
meeting,6
gay,6
budget,6
edge,6
ambassador,6
continent,6
multicultural,6
terminology,6
step,6
genre,6
lesson,6
salary,6
revision,6
notion,6
intentional,6
mainstream,6
aidcareersdual,6
fulfill,6
pedagogical,6
biblical,6
augment,6
experiential,6
proprietary,6
voice,6
ideology,6
producer,6
bookfair,6
move,6
workflow,6
van,6
prospective,6
priority,6
bisexual,6
decade,6
myriad,6
literate,6
email,6
culmination,6
approval,6
dual,6
folklorists,6
myth,6
historic,6
accessible,6
growth,6
employment,6
host,6
made,6
profilecollaborative,6
aidcareersmission,6
fischer,7
desirable,7
stotts,7
krishnaswamy,7
coefficient,7
drew,7
china,7
greedy,7
negahban,7
julie,7
marine,7
raykova,7
mwf,7
guideline,7
arch,7
grant,7
radev,7
innovative,7
vari,7
manageability,7
zucker,7
heap,7
acoustic,7
durability,7
sensory,7
cb,7
enables,7
reactive,7
menu,7
dynamical,7
approximate,7
amazon,7
deliberative,7
chernoff,7
xiyin,7
photorealism,7
seizure,7
initiative,7
rather,7
checkable,7
inhibit,7
tang,7
atomicity,7
mouse,7
character,7
angluin,7
reusable,7
normal,7
creative,7
plus,7
kyle,7
doctrine,7
genealogy,7
compositional,7
carpuat,7
vex,7
predicate,7
oftentimes,7
guy,7
template,7
binomial,7
limitation,7
cad,7
counting,7
lenoir,7
combin,7
tth,7
conquer,7
temporal,7
lifecycle,7
message,7
pre,7
linkage,7
preston,7
nonstandard,7
sherman,7
paid,7
linh,7
multivariable,7
marc,7
linguistic,7
external,7
determination,7
regularity,7
mcdermott,7
il,7
nc,7
competitiveness,7
inspir,7
holly,7
patrick,7
glbl,7
patent,7
wolf,7
eval,7
deadlock,7
rokhlin,7
completeness,7
coverage,7
hillsite,7
jensen,7
zero,7
modular,7
compliance,7
projective,7
dev,7
associ,7
geographic,7
affine,7
prasun,7
yu,7
inequality,7
quantum,7
dorsey,7
arbitration,7
check,7
eisenstat,7
kay,7
organism,7
technologically,7
sahand,7
unsure,7
polymorphic,7
connection,7
mathmath,7
algorithmically,7
moment,7
probabilistically,7
queue,7
eames,7
criminal,7
consistency,7
theorem,7
consensus,7
ups,7
populate,7
prep,7
repres,7
remix,7
stirl,7
minlan,7
vehicular,7
physiology,7
apple,7
motor,7
sort,7
balakrishnan,7
tension,7
agenda,7
bauhaus,7
hirschhorn,7
le,7
chosen,7
tran,7
mahesh,7
sentiment,7
plsc,7
dictionary,7
kaur,7
austin,7
rebeschini,7
programmable,7
mariana,7
rsa,7
clip,7
frbr,7
discov,7
xerox,7
textual,7
shi,7
passing,7
estimation,7
rpc,7
rushmeier,7
permit,7
oversee,7
reliability,7
archiv,7
enumeration,7
unc,7
finite,7
dragomir,7
smita,7
derivation,7
citizen,7
export,7
peter,7
dependency,7
desktop,7
assess,7
weyl,7
reduction,7
eeng,7
refin,7
universal,7
authenticity,7
elaine,7
disability,8
affect,8
cheng,8
interpret,8
offs,8
describ,8
ssi,8
forecasting,8
involve,8
travel,8
recogn,8
collector,8
free,8
advisory,8
execution,8
explain,8
dr,8
specialist,8
country,8
multithread,8
coordination,8
aim,8
corporate,8
consortium,8
unique,8
civil,8
sign,8
understanding,8
ischools,8
pictorial,8
illumination,8
ibm,8
array,8
bibliographical,8
monitoring,8
repair,8
entity,8
million,8
transition,8
citl,8
serv,8
sanjoy,8
stanley,8
caucus,8
come,8
handheld,8
encapsulation,8
differentiation,8
provider,8
gary,8
describe,8
original,8
waiver,8
fax,8
randomness,8
combinatorial,8
recursion,8
establish,8
equation,8
minimum,8
rlst,8
connectivity,8
sect,8
interpolation,8
synchronization,8
crn,8
theoretic,8
cryptology,8
latin,8
scalability,8
last,8
sensitive,8
load,8
strength,8
humanoid,8
administrative,8
simulation,8
uw,8
recognition,8
econ,8
unstructured,8
commercial,8
ramsey,8
hudson,8
sadeghian,8
assistive,8
attend,8
efficiently,8
light,8
pedram,8
choose,8
edit,8
powerful,8
hiding,8
partnership,8
stack,8
reform,8
bound,8
audiovisual,8
arbaugh,8
britain,8
audio,8
adv,8
hcir,8
success,8
transport,8
although,8
eac,8
exposure,8
every,9
visible,9
receiv,9
versus,9
adapt,9
situat,9
top,9
floriani,9
spectrum,9
traffic,9
musical,9
transaction,9
transform,9
wireless,9
regime,9
generally,9
hajiaghayi,9
dewan,9
operational,9
scope,9
enhanc,9
arise,9
produce,9
sc,9
allocation,9
sophomore,9
place,9
later,9
hybrid,9
color,9
driven,9
know,9
central,9
symbol,9
tu,9
sharat,9
informetrics,9
socially,9
goldstein,9
script,9
twenty,9
molecular,9
dimensional,9
comprise,9
back,9
plaist,9
constraint,9
exception,9
facebook,9
availability,9
nicholas,9
tag,9
beng,9
six,9
chandran,9
isolation,9
allow,9
levin,9
identification,9
efficiency,9
bookbinding,9
diversity,9
layer,9
surface,9
handl,9
empire,9
ead,9
whether,9
demonstrate,9
virtualization,10
even,10
main,10
mysql,10
mohammad,10
comparative,10
yet,10
sociology,10
post,10
mass,10
ischool,10
emotional,10
incl,10
serious,10
addtl,10
vladimir,10
twentieth,10
apache,10
printing,10
familiar,10
tale,10
profit,10
advance,10
massive,10
origin,10
speech,10
balanc,10
awareness,10
behind,10
genomic,10
autonomous,10
region,10
nearby,10
extensive,10
director,10
processor,10
spatial,10
introduc,10
version,10
fairy,10
vlsi,10
remain,10
pursu,10
leila,10
funding,10
individually,10
english,10
sector,10
employ,10
sem,10
currently,10
feminist,10
engage,10
mtuwf,10
competitive,10
often,10
cryptographic,10
handbook,10
maryland,10
sils,10
larger,10
principally,10
customer,10
interpreter,10
south,10
scene,10
agency,10
debate,10
grad,10
expand,10
entrepreneurial,10
combine,10
usage,10
identifier,10
mlis,10
owl,10
flagler,10
kenan,10
em,11
relat,11
mw,11
era,11
ketan,11
advisement,11
duraiswami,11
scikit,11
mixture,11
respond,11
tensor,11
commission,11
hangover,11
har,11
apart,11
cyberlaw,11
bulletin,11
failure,11
concurrent,11
breadth,11
forensics,11
boost,11
gradient,11
encod,11
require,11
maybury,11
mayer,11
crime,11
mediat,11
kernel,11
federal,11
andrew,11
pilot,11
middle,11
forever,11
rance,11
suma,11
technologist,11
steven,11
link,11
nonlinear,11
ramani,11
gaussian,11
capability,11
stcs,11
resnik,11
interact,11
baruah,11
imagin,11
square,11
thomas,11
remedy,11
expert,11
froehlich,11
pdf,11
teacher,11
dialogue,11
exponential,11
cluster,11
patel,11
effectiveness,11
delegation,11
ensur,11
race,11
others,11
agent,11
arrangement,11
forest,11
physic,11
binf,11
intersectionality,11
activism,11
philip,11
likelihood,11
enforcement,11
deconstruct,11
mechanism,11
uwb,11
staff,11
numbered,11
thought,11
lean,11
svms,11
dataset,11
abrahamson,12
cmu,12
ongo,12
vulnerability,12
mess,12
vary,12
better,12
requirementscourse,12
interdisciplinary,12
japanese,12
bioinformatic,12
potential,12
disorder,12
anderson,12
learningclass,12
ppia,12
accolade,12
participation,12
usually,12
useful,12
today,12
man,12
switch,12
name,12
glut,12
outcome,12
ranking,12
kingsford,12
california,12
schedulespecializationscourse,12
levitin,12
promote,12
deep,12
bishop,12
kondo,12
llm,12
lawyer,12
overload,12
strong,12
tidi,12
explor,12
response,12
declutt,12
wisconsin,12
definition,12
nonprint,12
relate,12
statementcourse,12
story,12
lit,12
significant,12
km,12
requirementscosts,12
freedman,12
investigate,12
throughout,12
firm,12
engi,12
sys,12
lower,12
dc,12
transformation,12
run,12
marie,12
cleaning,12
fluency,12
magic,12
d,12
upmc,12
poetry,12
perfect,12
exam,12
july,12
fair,12
photography,12
prediction,12
job,12
jon,12
revis,12
curriculummsispm,12
become,12
straight,12
wright,12
anwar,13
mamat,13
asset,13
award,13
seek,13
involv,13
sens,13
disaster,13
exhibition,13
commerce,13
preserv,13
duke,13
conservation,13
picture,13
assistance,13
entirely,13
trademark,13
assurance,13
spanish,13
begin,13
cleaveland,13
relies,13
assumes,13
africa,13
responsibility,13
week,13
consult,13
play,13
justice,13
folklore,13
binding,13
reliable,13
essential,13
csee,13
jason,13
involves,13
private,13
grow,13
exhibit,13
competency,13
mim,13
posse,13
php,13
journalism,13
rural,13
spielman,14
gslis,14
alex,14
shao,14
debug,14
medicine,14
quasi,14
primary,14
fiction,14
serve,14
acquisition,14
client,14
feigenbaum,14
reputation,14
particip,14
syntax,14
r,14
wr,14
news,14
elect,14
logarithmic,14
mowe,14
originate,14
perform,14
enas,14
dean,14
evidence,14
zhong,14
actor,14
company,14
nondeterministic,14
division,14
examin,14
rosen,14
arras,14
multiple,14
abraham,14
lexical,14
enable,14
pars,14
joan,14
power,14
elementary,14
personnel,14
vocabulary,14
separate,14
semantic,14
sony,14
autumn,14
researcher,14
might,14
association,14
oona,14
expect,14
feed,14
critically,14
factor,14
express,14
europe,14
alumnus,14
location,14
popular,14
primarily,14
professor,14
scassellati,14
extramural,14
index,14
rdf,14
silberschatz,14
configur,14
hash,14
gelernter,14
hathaway,14
entertainment,14
adaptive,14
icts,14
evolution,14
career,14
proposal,14
defin,14
regression,14
washington,14
hu,14
authority,14
detail,14
repeat,14
observational,15
consistent,15
geopolitics,15
mg,15
rise,15
rhetoric,15
tune,15
consumer,15
managerial,15
scenario,15
possible,15
modality,15
finding,15
produc,15
initial,15
incorporation,15
reality,15
together,15
chair,15
choice,15
contrastive,15
curriculum,15
validity,15
navig,15
iteration,15
aesthetic,15
nlp,15
scientist,15
ind,15
incubation,15
heuristic,15
epistemological,15
server,15
carl,15
screen,15
log,15
workshop,15
detailed,15
certain,15
past,15
localization,15
communicative,15
yiannis,15
undertaken,15
dub,15
jointly,15
mockups,15
recall,15
sampl,15
sprint,15
predictability,15
scrum,15
evolv,15
gender,15
correspond,15
body,15
poverty,15
groupsstudents,15
patron,15
ambiguous,15
academe,15
manipulation,15
charles,15
multi,15
administration,15
reflection,15
rda,15
transfer,15
hr,15
smartphone,15
integrity,16
pragmatic,16
studi,16
suitable,16
genomics,16
msispm,16
office,16
subrahmanian,16
isye,16
illustrate,16
however,16
rais,16
supplement,16
memory,16
vital,16
stress,16
approximation,16
domain,16
verification,16
objective,16
carolina,16
disciplinary,16
simmons,16
connect,16
ai,16
lise,16
milwaukee,16
psychology,16
hill,16
msia,16
statement,16
movie,16
solid,16
australia,16
junior,16
influence,16
accessibility,16
industrial,16
dl,16
element,16
institutional,16
pugh,16
commitment,16
academy,16
getoor,16
portfolio,16
brad,16
introduce,16
smith,16
five,16
consists,17
structural,17
side,17
curricular,17
analytical,17
dept,17
hypermedia,17
synthesis,17
evaluative,17
request,17
sql,17
pose,17
gener,17
v,17
achieve,17
supervis,17
designer,17
carry,17
track,17
ground,17
analyzes,17
evolutionary,17
prototype,17
author,17
around,17
amitabh,17
determine,17
prepare,17
film,17
regist,17
sense,17
supervision,17
finish,17
computability,17
session,17
common,17
guide,17
graphical,17
collabor,17
query,17
fabrication,17
geometry,17
owner,17
publication,17
structur,17
face,17
increas,17
define,17
stage,17
varshney,17
rule,17
scholar,18
give,18
maintain,18
samrat,18
engagement,18
bruce,18
nature,18
logic,18
rutgers,18
towards,18
iterative,18
america,18
committee,18
cio,18
among,18
imt,18
engine,18
bridging,18
early,18
advantage,18
important,18
th,18
difference,18
movement,18
specialized,18
practitioner,18
operation,18
ass,18
guest,18
markup,18
complement,18
informal,18
long,18
go,18
completion,18
conversation,18
hypothesis,18
phd,18
dissemination,18
campus,18
enhance,19
restriction,19
de,19
best,19
chawathe,19
map,19
concern,19
mihai,19
improv,19
inquiry,19
sudarshan,19
improvement,19
markov,19
situation,19
style,19
assumption,19
substantial,19
marvin,19
demand,19
composition,19
google,19
drive,19
e,19
narrative,19
effectively,19
profile,19
zelkowitz,19
matrix,19
intermediate,19
importance,19
samir,19
eric,19
count,19
khuller,19
updat,20
telecommunication,20
render,20
accord,20
dave,20
archivist,20
thesaurus,20
exist,20
period,20
solve,20
general,20
cybersecurity,20
lsrc,20
option,20
concentration,20
bibliographic,20
simple,20
look,20
broadband,20
heritage,20
aloimonos,20
fee,20
secure,20
next,20
united,20
brian,20
philosophy,20
linguistics,20
configuration,20
cs,20
engag,20
press,20
medieval,20
svcs,20
methodology,21
stakeholder,21
slade,21
bobby,21
window,21
finance,21
artifact,21
attack,21
abstraction,21
pop,21
status,21
rp,21
ubiquitous,21
sazawal,21
help,21
psyc,21
developer,21
deliverable,21
signal,21
economic,21
vibha,21
prepared,21
storytel,21
hollingsworth,21
rapid,21
bibliography,21
amth,21
vector,22
dorr,22
enrol,22
mc,22
feature,22
purpose,22
mind,22
ictd,22
ethical,22
especially,22
mon,22
piracy,22
bederson,22
stephen,22
neil,22
instruction,22
lin,22
diverse,22
bonnie,22
consideration,22
commun,22
sample,22
cu,22
wed,22
leader,22
benefit,22
java,22
chapel,23
protection,23
order,23
comic,23
tree,23
conceptual,23
assum,23
conference,23
intend,23
along,23
visit,23
local,23
lbsc,23
div,23
ten,23
developed,23
good,23
reason,23
ask,23
construct,23
block,23
develops,23
jonathan,23
proof,23
slide,23
pattern,23
deliver,23
novel,23
descriptive,23
lead,23
functional,23
north,23
active,24
third,24
formation,24
topology,24
maximum,24
guimbretiere,24
mism,24
exploratory,24
nbay,24
francois,24
welcome,24
asynchronous,24
informationstudent,24
revolution,24
katz,24
code,24
wild,24
manuscript,24
able,24
autom,24
javascript,24
creativity,24
apps,24
systematic,25
acquir,25
discovery,25
right,25
ui,25
criterion,25
sensor,25
hack,25
workplace,25
without,25
acceler,25
low,25
trade,25
higher,25
corequisites,25
great,25
mode,25
strategic,25
otherwise,25
ca,25
tangible,25
flow,26
elman,26
amol,26
howard,26
discuss,26
population,26
mission,26
columbia,26
bayesian,26
html,26
civic,26
start,26
reggia,26
bible,26
measurement,26
inference,26
attention,26
deshpande,26
alternative,26
evaluate,26
draw,26
educational,26
solv,26
python,26
identity,26
specification,27
interpretation,27
mean,27
daniel,27
reader,27
peer,27
behavioral,27
small,27
traditional,27
particularly,27
familiarity,27
enroll,27
relevance,27
mgt,27
upon,27
page,27
oral,27
divide,28
musi,28
laboratory,28
ist,28
matter,28
petersen,28
colloquium,28
humanity,28
prof,28
institute,28
advis,28
xml,28
jandelyn,28
qrmath,28
lmc,28
ontology,28
cost,28
see,28
political,28
yearlong,28
yang,28
video,28
jan,28
hall,28
polynomial,28
registration,28
dynamic,29
four,29
risk,29
classification,29
outreach,29
infx,29
hick,29
embed,29
family,29
goal,29
participant,29
event,29
american,29
relation,29
discourse,29
exercise,29
healthcare,29
ability,29
journal,29
hidden,30
diane,30
letter,30
comprehension,30
critique,30
profession,30
trend,30
relational,30
platform,30
training,30
given,30
aravind,30
mount,30
societal,30
msit,30
syracuse,30
share,30
regulation,30
find,30
format,30
observation,30
collaborative,30
socio,31
website,31
procedure,31
id,31
algorithmic,31
shankar,31
full,31
via,31
srinivasan,31
probabilistic,31
submission,31
depth,31
multimedia,31
si,31
udaya,31
distribution,31
phase,32
independent,32
identifi,32
www,32
national,32
semantics,32
shneiderman,32
expertise,32
investigates,32
coursework,32
read,32
bill,32
recent,32
task,32
pozefsky,32
intelligent,32
etc,32
government,32
necessary,32
broad,32
jacob,33
highly,33
foster,33
subject,33
quantitative,33
marketing,33
interested,33
stream,33
tseng,33
efficient,33
plan,33
cognitive,33
infm,33
chau,33
tuth,33
integr,33
partner,33
member,33
wen,33
illinois,33
end,34
several,34
technological,34
half,34
jose,34
pittsburgh,34
communicate,34
register,34
reinhardt,34
perlis,34
nau,34
device,34
csor,34
strongly,34
freedom,34
hanan,35
centric,35
total,35
wide,35
note,35
generation,35
schema,35
robot,35
shapiro,35
evalu,35
adult,36
consent,36
grade,36
tom,36
john,36
pete,36
across,36
many,36
intro,36
file,36
large,36
heinz,36
libr,36
adaptation,36
sussman,36
collaboration,36
addition,36
hardware,36
neural,36
soda,37
atif,37
memon,37
collect,37
curation,37
san,37
title,37
directory,37
concurrently,37
integration,37
effect,37
construction,37
solution,38
medical,38
keleher,38
samet,38
way,38
assist,38
list,38
scale,38
appropriate,38
permanent,38
cross,38
like,38
gasarch,38
limited,39
agile,39
contemporary,39
tradition,39
mathematics,39
translation,39
preparation,39
ux,39
g,39
module,39
metadata,40
nick,40
thing,40
written,40
emphas,40
storage,40
least,40
bhattacharjee,40
publishing,40
ph,40
quality,40
adam,40
example,41
networked,41
prior,41
youth,41
dana,41
schedule,41
honor,41
purtilo,41
successful,42
eec,42
bioinformatics,42
william,42
scholarship,42
audience,42
agrawala,42
sound,42
chang,42
cloud,42
examination,42
rare,42
museum,42
enterprise,43
result,43
jim,43
space,43
alan,43
content,43
b,43
exploration,43
michael,43
available,43
speaker,43
http,43
scholarly,43
additional,43
random,44
protocol,44
ashok,44
assignment,44
interest,44
aid,44
thu,44
previous,44
market,44
quarter,44
herman,44
porter,44
scott,44
tue,44
final,44
jeff,45
personal,45
economy,45
ethic,45
larry,45
politics,45
manage,45
aspnes,45
virtual,45
qualitative,45
framework,46
toward,46
create,46
discipline,46
innovation,46
statistical,47
roussopoulos,47
case,47
internship,47
image,47
introductory,47
receive,47
formal,47
registrar,47
site,47
conduct,48
lab,48
tech,48
college,48
biological,48
yale,48
admission,48
creation,48
lecture,48
view,48
assessment,49
financial,49
underli,49
statistic,49
type,49
consid,49
venture,49
entrepreneurship,49
animation,49
senior,49
msis,49
department,49
month,50
report,50
contact,50
either,50
preservation,50
range,50
archival,50
value,50
twitter,50
reference,51
stand,51
plane,51
conflict,51
us,51
implication,52
specialization,52
graph,52
examine,52
particular,52
build,52
literacy,52
organ,52
function,52
interview,53
critical,53
compiler,53
behavior,53
intensive,53
key,53
encourag,53
two,54
biology,54
control,54
gain,54
modern,55
paradigm,55
term,55
idea,55
impact,55
experimental,55
century,55
ben,55
life,56
librarianship,56
creat,56
survey,56
young,56
archive,56
provide,57
three,57
address,57
set,57
selection,57
htm,58
leadership,58
probability,58
copyright,58
analyze,58
emerg,58
winter,59
complete,59
mathematical,59
question,59
complex,60
background,60
setting,60
scientific,60
building,60
catalog,60
suggest,60
implement,60
delivery,60
people,61
startup,61
challenge,61
complet,62
global,62
teach,62
production,63
economics,63
specific,63
calculus,63
formerly,63
cyber,63
representation,63
part,63
culture,63
institution,63
inform,64
source,64
recommend,65
performance,65
discus,65
edu,65
advisor,65
u,66
search,66
enrollment,66
care,67
librarian,67
analyz,67
evaluation,67
relationship,67
activity,67
organizational,67
overview,68
area,68
high,68
education,68
robotics,69
doctoral,69
perception,70
cryptography,70
write,70
certificate,70
optimization,71
second,72
opportunity,72
hci,72
future,72
infrastructure,72
real,72
change,73
follow,73
variety,73
product,74
effective,74
component,74
decision,74
introduces,74
parallel,75
series,75
industry,75
informatics,75
standard,76
property,76
practicum,77
open,77
interactive,77
sec,77
within,77
natural,78
emphasis,78
physical,78
relevant,78
ug,80
record,80
fawzi,81
core,81
support,81
test,81
emad,81
discrete,82
gy,82
present,82
historical,83
legal,83
m,83
algebra,83
mining,84
select,84
retrieval,84
major,84
empirical,84
think,84
numerical,85
kruskal,85
non,85
manag,85
clyde,85
perspective,86
child,86
make,86
call,86
pm,86
paper,87
computation,88
usability,88
networking,88
document,89
form,90
role,90
must,91
number,91
music,92
team,92
meet,92
discussion,93
master,94
visual,94
review,94
literature,94
game,94
different,96
various,96
related,96
big,97
year,97
aspect,97
inst,97
print,99
age,99
explore,99
time,100
james,100
cse,100
access,100
david,100
degree,102
text,102
approv,103
intellectual,104
planning,106
direct,107
studio,107
academic,107
health,108
prototyp,109
mobile,109
context,109
approach,110
max,110
also,110
individual,110
electronic,112
technical,112
com,113
explores,113
taken,113
requirement,113
group,114
linear,115
interface,115
operating,116
art,116
math,117
current,118
perez,122
undergraduate,122
artificial,123
ii,123
theoretical,123
nelson,123
padua,123
material,124
complexity,125
internet,125
international,125
summer,126
one,127
elective,128
state,129
wise,130
examines,130
well,130
thesis,131
society,131
vision,132
field,132
skill,132
point,132
world,133
fundamental,134
hand,135
practical,135
presentation,137
distribut,137
take,138
visualization,139
golub,139
dsgn,139
evan,139
implementation,139
school,140
strategy,141
provid,142
cultural,142
level,142
orient,144
sci,145
environment,145
process,146
capstone,147
graphic,150
faculty,150
intelligence,150
hugue,152
reading,153
online,156
michelle,157
object,158
base,158
stat,158
business,160
analytics,167
develop,168
history,170
class,171
understand,173
interaction,174
need,174
basic,175
may,175
foundation,176
equivalent,179
cover,179
problem,182
principle,184
privacy,184
resource,187
law,189
university,189
qr,189
architecture,191
new,200
tool,200
book,200
ci,201
focus,202
requir,203
processing,204
knowledge,204
technique,206
coms,206
permission,206
instructor,208
inls,214
semester,215
community,218
structure,220
machine,223
appli,227
concept,228
professional,234
comp,234
public,235
collection,235
fall,236
security,243
li,244
spring,247
database,261
application,266
graduate,275
experience,285
medium,286
communication,301
practice,304
comput,305
computational,313
special,315
service,317
policy,317
software,318
work,324
web,325
organization,327
seminar,332
social,334
includ,334
digital,336
model,340
description,343
include,348
offer,359
network,364
development,368
study,369
en,370
first,375
issue,378
user,385
human,386
engineering,386
use,393
center,396
method,415
language,416
theory,423
prerequisite,434
analysis,441
advanced,463
algorithm,489
learn,496
cosc,510
library,531
project,565
gr,568
technology,611
science,669
hcde,677
introduction,699
management,709
c,737
cpsc,824
research,853
topic,856
hour,902
section,904
data,1027
student,1043
program,1052
system,1203
computer,1326
course,1340
cmsc,1367
design,1434
unit,1476
credit,1480
info,1800
information,1811
,111500